{"initial_reset_timestamp": 1637545953.6542823, "timestamps": [1637545953.970166, 1637545954.4162009, 1637545954.5624063, 1637545954.6636126, 1637545954.768588, 1637545954.8344288, 1637545954.9159224, 1637545954.9800432, 1637545955.3577068, 1637545955.6496387, 1637545955.8393726, 1637545955.9274704, 1637545955.9936712, 1637545956.1629376, 1637545956.2110467, 1637545956.2811103, 1637545956.3247008, 1637545956.3777926, 1637545956.422144, 1637545962.713189, 1637545962.7907593, 1637545962.8597887, 1637545962.914376, 1637545962.9812248, 1637545963.087642, 1637545963.2557683, 1637545963.40245, 1637545963.7302072, 1637545963.8639572, 1637545963.9509144, 1637545964.0620332, 1637545964.2676332, 1637545964.3507092, 1637545964.5698137, 1637545964.743351, 1637545965.035418, 1637545965.3212185, 1637545965.5466628, 1637545965.813537, 1637546008.6711109, 1637546008.7510176, 1637546009.4497623, 1637546010.322194, 1637546010.8588839, 1637546011.7882972, 1637546012.6209862, 1637546013.3258293, 1637546013.9594505, 1637546014.9150934, 1637546015.4293234, 1637546016.0845735, 1637546016.733825, 1637546017.2318864, 1637546017.6674316, 1637546018.173098, 1637546018.7482908, 1637546019.3666627, 1637546020.128499, 1637546020.900887, 1637546087.7973444, 1637546088.394498, 1637546089.3481014, 1637546090.3202515, 1637546090.9741786, 1637546092.536742, 1637546093.2415504, 1637546093.870707, 1637546094.7493389, 1637546095.5019994, 1637546096.179312, 1637546096.8105586, 1637546097.7727811, 1637546098.5283275, 1637546099.0958652, 1637546099.5893435, 1637546100.1826513, 1637546100.696268, 1637546100.9587474, 1637546101.4877975, 1637546139.6414275, 1637546140.2126315, 1637546140.812075, 1637546141.374288, 1637546141.944422, 1637546142.519892, 1637546142.9965084, 1637546143.6165726, 1637546144.2153394, 1637546144.7721307, 1637546145.5609818, 1637546146.113818, 1637546146.705457, 1637546147.3698647, 1637546147.452761, 1637546147.9761863, 1637546148.48275, 1637546149.0106719, 1637546149.52948, 1637546150.199837, 1637546195.5002604, 1637546196.0783155, 1637546196.6989374, 1637546197.1813748, 1637546197.7315083, 1637546198.258203, 1637546198.8457582, 1637546199.3612506, 1637546199.927502, 1637546200.4546697, 1637546201.0070379, 1637546201.5330951, 1637546202.483363, 1637546203.0533793, 1637546203.5753243, 1637546204.510429, 1637546205.108446, 1637546205.9074178, 1637546206.5685685, 1637546207.3592925, 1637546262.040888, 1637546262.643231, 1637546263.3595145, 1637546264.3271024, 1637546265.0157392, 1637546265.7687938, 1637546268.1446576, 1637546269.1597643, 1637546270.1090422, 1637546270.8369148, 1637546270.891309, 1637546271.4934323, 1637546272.1343608, 1637546272.810995, 1637546273.4381921, 1637546274.1179645, 1637546275.0980356, 1637546276.0393326, 1637546276.9991813, 1637546277.9514863, 1637546360.2558534, 1637546361.2238002, 1637546362.1975465, 1637546362.8263505, 1637546363.4823692, 1637546364.1169717, 1637546364.9169328, 1637546365.7619019, 1637546366.4699607, 1637546367.388104, 1637546368.1701941, 1637546369.1164339, 1637546370.042646, 1637546370.8137617, 1637546371.7742279, 1637546372.7258835, 1637546373.6939328, 1637546374.642588, 1637546374.7626417, 1637546375.7016466, 1637546448.1266394, 1637546449.10351, 1637546450.0453074, 1637546450.9986005, 1637546451.9678924, 1637546452.8987162, 1637546453.852786, 1637546454.832243, 1637546455.834044, 1637546456.7946732, 1637546457.7608058, 1637546458.7715058, 1637546459.7164798, 1637546460.6833816, 1637546461.6481757, 1637546462.6032395, 1637546463.601624, 1637546464.5940704, 1637546465.5297801, 1637546466.5492873, 1637546503.6637895, 1637546504.613231, 1637546505.5434506, 1637546506.4969647, 1637546507.4552422, 1637546508.3923326, 1637546509.3249886, 1637546510.2572136, 1637546511.18865, 1637546512.1290252, 1637546512.2171774, 1637546513.1618762, 1637546514.1000018, 1637546515.045159, 1637546515.9873607, 1637546516.9437, 1637546517.8913767, 1637546518.8251276, 1637546519.7500634, 1637546520.6847813], "episode_lengths": [15, 26, 18, 22, 24, 15, 18, 14, 20, 54, 41, 20, 15, 38, 11, 16, 10, 12, 10, 17, 17, 16, 12, 15, 24, 38, 33, 15, 19, 18, 25, 46, 19, 49, 39, 65, 59, 47, 57, 119, 15, 143, 186, 112, 200, 172, 150, 135, 200, 107, 136, 136, 103, 93, 109, 124, 128, 160, 161, 177, 121, 200, 200, 135, 126, 131, 129, 186, 157, 141, 137, 200, 157, 119, 106, 122, 110, 55, 111, 100, 113, 125, 119, 122, 119, 100, 125, 124, 115, 157, 109, 121, 133, 17, 110, 109, 112, 106, 126, 122, 118, 130, 102, 117, 108, 126, 106, 124, 112, 117, 107, 200, 122, 112, 200, 128, 169, 136, 168, 140, 125, 150, 200, 143, 159, 200, 200, 200, 154, 11, 123, 131, 138, 133, 143, 200, 193, 200, 200, 200, 200, 200, 135, 133, 135, 165, 181, 140, 192, 162, 196, 200, 164, 200, 200, 200, 200, 26, 200, 173, 200, 200, 200, 200, 200, 200, 200, 200, 200, 200, 200, 200, 200, 200, 200, 200, 200, 200, 200, 91, 200, 200, 200, 200, 200, 200, 200, 200, 200, 18, 200, 200, 200, 200, 200, 200, 200, 200, 200], "episode_rewards": [15.0, 26.0, 18.0, 22.0, 24.0, 15.0, 18.0, 14.0, 20.0, 54.0, 41.0, 20.0, 15.0, 38.0, 11.0, 16.0, 10.0, 12.0, 10.0, 17.0, 17.0, 16.0, 12.0, 15.0, 24.0, 38.0, 33.0, 15.0, 19.0, 18.0, 25.0, 46.0, 19.0, 49.0, 39.0, 65.0, 59.0, 47.0, 57.0, 119.0, 15.0, 143.0, 186.0, 112.0, 200.0, 172.0, 150.0, 135.0, 200.0, 107.0, 136.0, 136.0, 103.0, 93.0, 109.0, 124.0, 128.0, 160.0, 161.0, 177.0, 121.0, 200.0, 200.0, 135.0, 126.0, 131.0, 129.0, 186.0, 157.0, 141.0, 137.0, 200.0, 157.0, 119.0, 106.0, 122.0, 110.0, 55.0, 111.0, 100.0, 113.0, 125.0, 119.0, 122.0, 119.0, 100.0, 125.0, 124.0, 115.0, 157.0, 109.0, 121.0, 133.0, 17.0, 110.0, 109.0, 112.0, 106.0, 126.0, 122.0, 118.0, 130.0, 102.0, 117.0, 108.0, 126.0, 106.0, 124.0, 112.0, 117.0, 107.0, 200.0, 122.0, 112.0, 200.0, 128.0, 169.0, 136.0, 168.0, 140.0, 125.0, 150.0, 200.0, 143.0, 159.0, 200.0, 200.0, 200.0, 154.0, 11.0, 123.0, 131.0, 138.0, 133.0, 143.0, 200.0, 193.0, 200.0, 200.0, 200.0, 200.0, 200.0, 135.0, 133.0, 135.0, 165.0, 181.0, 140.0, 192.0, 162.0, 196.0, 200.0, 164.0, 200.0, 200.0, 200.0, 200.0, 26.0, 200.0, 173.0, 200.0, 200.0, 200.0, 200.0, 200.0, 200.0, 200.0, 200.0, 200.0, 200.0, 200.0, 200.0, 200.0, 200.0, 200.0, 200.0, 200.0, 200.0, 200.0, 91.0, 200.0, 200.0, 200.0, 200.0, 200.0, 200.0, 200.0, 200.0, 200.0, 18.0, 200.0, 200.0, 200.0, 200.0, 200.0, 200.0, 200.0, 200.0, 200.0], "episode_types": ["t", "t", "t", "t", "t", "t", "t", "t", "t", "t", "t", "t", "t", "t", "t", "t", "t", "t", "t", "t", "t", "t", "t", "t", "t", "t", "t", "t", "t", "t", "t", "t", "t", "t", "t", "t", "t", "t", "t", "t", "t", "t", "t", "t", "t", "t", "t", "t", "t", "t", "t", "t", "t", "t", "t", "t", "t", "t", "t", "t", "t", "t", "t", "t", "t", "t", "t", "t", "t", "t", "t", "t", "t", "t", "t", "t", "t", "t", "t", "t", "t", "t", "t", "t", "t", "t", "t", "t", "t", "t", "t", "t", "t", "t", "t", "t", "t", "t", "t", "t", "t", "t", "t", "t", "t", "t", "t", "t", "t", "t", "t", "t", "t", "t", "t", "t", "t", "t", "t", "t", "t", "t", "t", "t", "t", "t", "t", "t", "t", "t", "t", "t", "t", "t", "t", "t", "t", "t", "t", "t", "t", "t", "t", "t", "t", "t", "t", "t", "t", "t", "t", "t", "t", "t", "t", "t", "t", "t", "t", "t", "t", "t", "t", "t", "t", "t", "t", "t", "t", "t", "t", "t", "t", "t", "t", "t", "t", "t", "t", "t", "t", "t", "t", "t", "t", "t", "t", "t", "t", "t", "t", "t", "t", "t", "t", "t", "t", "t", "t", "t"]}