{"initial_reset_timestamp": 1637361204.8448474, "timestamps": [1637361206.0937614], "episode_lengths": [10], "episode_rewards": [10.0], "episode_types": ["t"]}