{"initial_reset_timestamp": 1638331676.293776, "timestamps": [1638331717.4984941, 1638331759.2588935, 1638331786.4827514, 1638331799.215903, 1638331822.0812716, 1638331833.4035387, 1638331840.2415257, 1638331851.068207, 1638331867.3462107, 1638331877.683991, 1638331888.0520933, 1638331909.4362512, 1638331919.6979094, 1638331930.008489, 1638331941.6294878, 1638331957.4853485, 1638331972.6367202, 1638331979.643472, 1638331988.211643, 1638332178.6726618, 1638332197.330841, 1638332208.8769996, 1638332231.4839675, 1638332240.6867952, 1638332256.0814648, 1638332273.4713418, 1638332285.1439924, 1638332299.2546246, 1638332307.522093, 1638332328.277686, 1638332338.0125997, 1638332350.116555, 1638332360.6866012, 1638332371.808884, 1638332382.144199, 1638332393.9938638, 1638332402.44767, 1638332409.6732907, 1638332429.0014048, 1638332512.1393366, 1638332520.4345255, 1638332530.8255696, 1638332541.8053985, 1638332553.9462676, 1638332561.9238582, 1638332573.6517732, 1638332581.6864984, 1638332619.465843, 1638332631.5097797, 1638332644.262364, 1638332657.64328, 1638332663.9350767, 1638332675.7653902, 1638332681.568762, 1638332690.317219, 1638332697.5067186, 1638332710.498422, 1638332720.2569404, 1638332726.4776537, 1638332789.5061436, 1638332795.3752031, 1638332802.6934438, 1638332811.7606225, 1638332819.289634, 1638332827.845281, 1638332836.6448262, 1638332843.563243, 1638332850.044707, 1638332862.4115047, 1638332872.0069952, 1638332879.9594626, 1638332885.905043, 1638332890.7560246, 1638332900.2517974, 1638332908.209746, 1638332917.9552271, 1638332925.6997056, 1638332932.174773, 1638332941.0966034, 1638333014.8764756, 1638333021.8785005, 1638333031.2450988, 1638333038.850451, 1638333047.7166586, 1638333054.40807, 1638333065.6033967, 1638333072.2509742, 1638333079.1395025, 1638333086.5947323, 1638333093.3179126, 1638333099.738875, 1638333107.0831199, 1638333115.419321, 1638333121.4008496, 1638333130.077446, 1638333136.8697627, 1638333144.0636632, 1638333151.0642629, 1638333157.9524262, 1638333265.675367, 1638333272.4946456, 1638333280.417981, 1638333287.970745, 1638333293.7799823, 1638333301.2710662, 1638333309.0700877, 1638333319.760885, 1638333329.561531, 1638333340.1134868, 1638333347.023361, 1638333355.9209654, 1638333366.430739, 1638333374.3358386, 1638333381.234743, 1638333387.9693532, 1638333397.0253074, 1638333405.076625, 1638333411.7362356, 1638333419.6090055, 1638333481.537084, 1638333496.9420881, 1638333505.0786011, 1638333511.6479666, 1638333522.3766038, 1638333530.1731417, 1638333538.7421002, 1638333545.0756245, 1638333551.1435292, 1638333558.2971377, 1638333565.9981923, 1638333571.8607178, 1638333580.110964, 1638333587.4128551, 1638333593.9950156, 1638333602.9180434, 1638333609.3598046, 1638333619.0199811, 1638333627.1422756, 1638333636.9460185, 1638333701.7590237, 1638333709.7223868, 1638333716.6110203, 1638333724.926734, 1638333731.4719858, 1638333737.8446147, 1638333747.574172, 1638333755.0293317, 1638333762.0275965, 1638333767.9237437, 1638333775.4054186, 1638333782.675502, 1638333790.1528554, 1638333798.457227, 1638333805.896713, 1638333814.045512, 1638333819.6439016, 1638333826.3400404, 1638333833.6670933, 1638333840.6971288, 1638333891.8778644, 1638333899.5902302, 1638333907.6040943, 1638333917.171139, 1638333923.5138364, 1638333930.5185184, 1638333938.389109, 1638333946.92788, 1638333954.335226, 1638333960.691372, 1638333966.9113958, 1638333974.2393606, 1638333980.3473496, 1638333989.8860438, 1638333996.235079, 1638334003.9137416, 1638334009.696991, 1638334017.2674737, 1638334023.644218, 1638334032.0415866, 1638334103.0463052, 1638334110.555156, 1638334117.9146824, 1638334123.9517536, 1638334130.7326462, 1638334138.9289923, 1638334162.2737105, 1638334170.1056688, 1638334177.5863445, 1638334185.910251, 1638334193.0292637, 1638334201.0004985, 1638334207.801489, 1638334214.2812016, 1638334228.1564722, 1638334235.3276436, 1638334244.2965946, 1638334251.1352072, 1638334260.3349445, 1638334269.0696645], "episode_lengths": [500, 500, 370, 174, 315, 152, 95, 149, 193, 139, 140, 290, 139, 140, 159, 215, 206, 95, 116, 318, 254, 159, 309, 125, 207, 238, 160, 168, 110, 278, 132, 163, 140, 149, 138, 158, 112, 96, 257, 130, 111, 139, 147, 162, 107, 158, 108, 500, 159, 171, 179, 84, 156, 77, 116, 96, 173, 129, 82, 104, 76, 97, 119, 99, 99, 115, 91, 84, 161, 125, 103, 76, 63, 124, 104, 126, 101, 84, 116, 120, 90, 120, 98, 115, 87, 146, 87, 89, 94, 87, 83, 95, 107, 77, 113, 88, 93, 89, 88, 174, 88, 101, 97, 76, 97, 101, 135, 125, 133, 88, 114, 135, 102, 88, 85, 115, 103, 83, 100, 98, 198, 104, 83, 137, 100, 95, 79, 78, 92, 99, 75, 104, 93, 84, 113, 82, 123, 103, 123, 101, 101, 88, 107, 84, 82, 123, 95, 89, 75, 95, 92, 96, 106, 95, 104, 71, 86, 94, 89, 82, 98, 101, 122, 81, 89, 98, 109, 95, 81, 79, 94, 78, 120, 81, 97, 73, 97, 81, 107, 113, 96, 94, 78, 86, 105, 298, 100, 95, 107, 91, 102, 87, 84, 178, 90, 114, 88, 118, 111], "episode_rewards": [-500.0, -500.0, -369.0, -173.0, -314.0, -151.0, -94.0, -148.0, -192.0, -138.0, -139.0, -289.0, -138.0, -139.0, -158.0, -214.0, -205.0, -94.0, -115.0, -317.0, -253.0, -158.0, -308.0, -124.0, -206.0, -237.0, -159.0, -167.0, -109.0, -277.0, -131.0, -162.0, -139.0, -148.0, -137.0, -157.0, -111.0, -95.0, -256.0, -129.0, -110.0, -138.0, -146.0, -161.0, -106.0, -157.0, -107.0, -500.0, -158.0, -170.0, -178.0, -83.0, -155.0, -76.0, -115.0, -95.0, -172.0, -128.0, -81.0, -103.0, -75.0, -96.0, -118.0, -98.0, -98.0, -114.0, -90.0, -83.0, -160.0, -124.0, -102.0, -75.0, -62.0, -123.0, -103.0, -125.0, -100.0, -83.0, -115.0, -119.0, -89.0, -119.0, -97.0, -114.0, -86.0, -145.0, -86.0, -88.0, -93.0, -86.0, -82.0, -94.0, -106.0, -76.0, -112.0, -87.0, -92.0, -88.0, -87.0, -173.0, -87.0, -100.0, -96.0, -75.0, -96.0, -100.0, -134.0, -124.0, -132.0, -87.0, -113.0, -134.0, -101.0, -87.0, -84.0, -114.0, -102.0, -82.0, -99.0, -97.0, -197.0, -103.0, -82.0, -136.0, -99.0, -94.0, -78.0, -77.0, -91.0, -98.0, -74.0, -103.0, -92.0, -83.0, -112.0, -81.0, -122.0, -102.0, -122.0, -100.0, -100.0, -87.0, -106.0, -83.0, -81.0, -122.0, -94.0, -88.0, -74.0, -94.0, -91.0, -95.0, -105.0, -94.0, -103.0, -70.0, -85.0, -93.0, -88.0, -81.0, -97.0, -100.0, -121.0, -80.0, -88.0, -97.0, -108.0, -94.0, -80.0, -78.0, -93.0, -77.0, -119.0, -80.0, -96.0, -72.0, -96.0, -80.0, -106.0, -112.0, -95.0, -93.0, -77.0, -85.0, -104.0, -297.0, -99.0, -94.0, -106.0, -90.0, -101.0, -86.0, -83.0, -177.0, -89.0, -113.0, -87.0, -117.0, -110.0], "episode_types": ["t", "t", "t", "t", "t", "t", "t", "t", "t", "t", "t", "t", "t", "t", "t", "t", "t", "t", "t", "t", "t", "t", "t", "t", "t", "t", "t", "t", "t", "t", "t", "t", "t", "t", "t", "t", "t", "t", "t", "t", "t", "t", "t", "t", "t", "t", "t", "t", "t", "t", "t", "t", "t", "t", "t", "t", "t", "t", "t", "t", "t", "t", "t", "t", "t", "t", "t", "t", "t", "t", "t", "t", "t", "t", "t", "t", "t", "t", "t", "t", "t", "t", "t", "t", "t", "t", "t", "t", "t", "t", "t", "t", "t", "t", "t", "t", "t", "t", "t", "t", "t", "t", "t", "t", "t", "t", "t", "t", "t", "t", "t", "t", "t", "t", "t", "t", "t", "t", "t", "t", "t", "t", "t", "t", "t", "t", "t", "t", "t", "t", "t", "t", "t", "t", "t", "t", "t", "t", "t", "t", "t", "t", "t", "t", "t", "t", "t", "t", "t", "t", "t", "t", "t", "t", "t", "t", "t", "t", "t", "t", "t", "t", "t", "t", "t", "t", "t", "t", "t", "t", "t", "t", "t", "t", "t", "t", "t", "t", "t", "t", "t", "t", "t", "t", "t", "t", "t", "t", "t", "t", "t", "t", "t", "t", "t", "t", "t", "t", "t", "t"]}