{"initial_reset_timestamp": 1637362295.2327871, "timestamps": [1637362296.5998356, 1637362296.9323416, 1637362297.0102987, 1637362297.0117404, 1637362297.0128345, 1637362297.0137632, 1637362297.0168414, 1637362297.0186374, 1637362297.2885833, 1637362297.363517], "episode_lengths": [25, 14, 36, 17, 13, 11, 29, 22, 14, 17], "episode_rewards": [25.0, 14.0, 36.0, 17.0, 13.0, 11.0, 29.0, 22.0, 14.0, 17.0], "episode_types": ["t", "t", "t", "t", "t", "t", "t", "t", "t", "t", "t"]}